Speech File,Min Pitch,Max Pitch,Mean Pitch,Sd Pitch,Min Intensity,Max Intensity,Mean Intensity,Sd Intensity,Speaking Rate,Jitter,Shimmer,HNR
Happy,84.89103587730507,314.4896469700955,211.03974143848163,46.014206754709896,38.7898969192407,77.9766911921682,69.80857998231798,8.698374891743766,245.451058933822,0.018122410266925182,0.05883809677124961,14.60558671317449
Angry,190.916251070722,347.21391873891713,242.30078564577335,33.75751668559855,27.176139442615316,80.31872708254572,70.94562952536647,12.872567695149808,193.84601046892715,0.02817666546723439,0.09925962305114033,7.779493102517647
Sad,160.34670258814168,268.531842954294,215.28886520433338,25.4593415721952,26.632413454332088,81.96693683559695,73.1080513429109,15.46277857057474,130.2301920386621,0.013842858017042109,0.05985215370219847,15.560008147677898
Afraid,75.89210547426369,326.64329926512494,149.8510603082944,66.72284925034516,0.9546086120191082,85.70972211346466,73.38250819631676,16.084713664023198,169.7592719213449,0.026656571561150078,0.16020803793690727,8.174009729315888
Surprised,106.12527027353632,434.81948436242084,244.38362205389274,69.40136312243995,40.20316016467943,82.2436016118888,74.68291056962708,13.296140480866624,186.80936826742652,0.03275321463417407,0.08245537389942088,12.49414250694293
Disgusted,98.46471349358609,252.99556492179758,165.6767847900175,31.41404276817786,34.60081948942406,79.19650118646227,72.44921571898854,7.994737837573017,257.10520959430943,0.019056195364863186,0.07509579289534413,10.874949359411708
Neutral,88.02722686243014,191.52944617737893,131.33537658415904,26.349993931191896,33.683000967825215,79.97002650089976,73.4130425460633,10.593321327633888,174.9271137026239,0.025301992548917723,0.07011802636413923,11.172631571379023
